candidate_id,method,feature_space,k,selection_score,silhouette_score,calinski_harabasz_score,davies_bouldin_score,repeat_mean_ari,bootstrap_mean_ari,smallest_cluster_fraction,noise_fraction,cluster_entropy,eligible_for_final_selection,exclusion_reasons
pca_scores__kmeans__k-3,kmeans,pca_scores,3,0.7973310313599257,0.37022903569678595,763.9384787473158,1.1446471704525476,1.0,0.9955033435907067,0.1500965250965251,0.0,0.8398180761803178,true,
pca_scores__fuzzy__k-3,fuzzy,pca_scores,3,0.7965307805824036,0.3492709653725425,746.2032093641126,1.1792232738870716,1.0,0.9960063189246081,0.16602316602316602,0.0,0.8789058477465403,true,
pca_scores__kmeans__k-2,kmeans,pca_scores,2,0.7618067778546121,0.46018284489275374,741.1852749922607,1.3774066405630216,0.9989093668576176,0.9894222237608595,0.1891891891891892,0.0,0.6997722217704216,true,
pca_scores__kmeans__k-4,kmeans,pca_scores,4,0.749921651930193,0.35657464045751225,714.5050719005314,1.0309066403235607,0.9986401764124704,0.9916854897409678,0.03185328185328185,0.0,0.7411857953130169,true,
selected_features__kmeans__k-3,kmeans,selected_features,3,0.7440383444574916,0.31516529016538486,627.1790518779261,1.3035147517032284,1.0,0.9924675191011331,0.15106177606177607,0.0,0.8406294390878926,true,
selected_features__fuzzy__k-3,fuzzy,selected_features,3,0.7396521037129751,0.2886813304904893,607.3208976630374,1.3667320016877296,1.0,0.9843857877419934,0.1751930501930502,0.0,0.8913801337147541,true,
selected_features__kmeans__k-2,kmeans,selected_features,2,0.7203691586169059,0.4207139516874373,628.3275588705374,1.516352801456088,1.0,0.9899835066658529,0.18870656370656372,0.0,0.6987578362970025,true,
pca_scores__fuzzy__k-4,fuzzy,pca_scores,4,0.7008467807412498,0.19838299805371803,582.7841432258473,1.5730682044555004,1.0,0.9754416270371024,0.14575289575289574,0.0,0.9689030209262126,true,
selected_features__kmeans__k-4,kmeans,selected_features,4,0.6979919549581244,0.3018482982236567,574.8300160921882,1.1741632922150675,1.0,0.9921591388950372,0.03185328185328185,0.0,0.7383634654058057,true,
selected_features__fuzzy__k-4,fuzzy,selected_features,4,0.6622014778110196,0.15834050280577305,474.1768914746548,1.8030990268069307,1.0,0.9884045223084509,0.15733590733590733,0.0,0.976776000003495,true,
selected_features__gmm__k-2__covariance-diag,gmm,selected_features,2,0.6469503194408976,0.3086162713636669,401.260238973409,2.0009373523639704,1.0,0.9887993986608731,0.2504826254826255,0.0,0.8120421720170572,true,
pca_scores__fuzzy__k-6,fuzzy,pca_scores,6,0.61476524371198,0.1735566420290576,429.9594302100944,2.007333871902943,0.9993268758027994,0.9521477430815967,0.07722007722007722,0.0,0.9462145050175845,true,
selected_features__fuzzy__k-5,fuzzy,selected_features,5,0.5153245001851071,0.10943334562216216,364.4055994221023,2.8712319744052164,0.9790155231565654,0.967384702030188,0.05115830115830116,0.0,0.9226424962077651,true,
selected_features__hdbscan__mcs-42,hdbscan,selected_features,,0.8283088675034143,0.5080519007847532,986.2408430987148,0.754568778857146,0.9995585619236398,0.8946929505484765,0.09845559845559845,0.5637065637065637,0.770375258822905,false,"bootstrap_instability,excessive_noise,robustness_only_method"
pca_scores__hdbscan__mcs-42,hdbscan,pca_scores,,0.8020998181988324,0.5594815601979671,881.113275254113,0.6283932911090784,0.9865368699428326,0.9143477578662946,0.029922779922779922,0.5468146718146718,0.5713008792829359,false,"bootstrap_instability,excessive_noise,robustness_only_method"
pca_scores__kmeans__k-7,kmeans,pca_scores,7,0.7551681366579666,0.4122522735236049,760.5847946523921,0.9195779094962511,1.0,0.9898271352010741,0.013996138996138996,0.0,0.6680650862368708,false,tiny_cluster
pca_scores__fuzzy__k-2,fuzzy,pca_scores,2,0.7418217499078641,0.38390378469776826,660.9928224833257,1.5655772155194105,1.0,0.9483119087629402,0.27606177606177607,0.0,0.8500290489230009,false,bootstrap_instability
pca_scores__kmeans__k-6,kmeans,pca_scores,6,0.7398325873926784,0.3957204616103748,725.5823809971484,1.0123707212701738,0.9932756173863476,0.9749600829632421,0.013996138996138996,0.0,0.6716061570095087,false,tiny_cluster
pca_scores__ward__k-3,ward,pca_scores,3,0.7342937330446309,0.3545502176745623,652.6281392463994,1.3092277416389926,1.0,0.8926132261880682,0.18243243243243243,0.0,0.8671768931253816,false,bootstrap_instability
pca_scores__kmeans__k-5,kmeans,pca_scores,5,0.7282604958195084,0.3797229291438923,696.3456563425028,0.933339210308716,0.998367850906188,0.9513690044114386,0.013996138996138996,0.0,0.6779184755527162,false,tiny_cluster
pca_scores__ward__k-7,ward,pca_scores,7,0.7069447563885988,0.40239666504790533,699.6681266618542,0.9487362807615606,1.0,0.9110933140719004,0.015444015444015444,0.0,0.6569764390786018,false,"tiny_cluster,bootstrap_instability"
pca_scores__kmeans__k-8,kmeans,pca_scores,8,0.7041562330213365,0.2848707771007627,747.6421748592477,1.057220152484209,0.9910752781852686,0.9528593883781226,0.013996138996138996,0.0,0.7987720880213526,false,tiny_cluster
pca_scores__ward__k-6,ward,pca_scores,6,0.6965833131427586,0.3894116212256068,642.4958224649373,1.0331025209123146,1.0,0.8952916092284003,0.015444015444015444,0.0,0.6820637838291943,false,"tiny_cluster,bootstrap_instability"
selected_features__kmeans__k-7,kmeans,selected_features,7,0.6863646209588211,0.34606291836519826,552.9994202927134,1.0804932327142158,0.9983267402054381,0.9877992597613594,0.013996138996138996,0.0,0.6695895109326799,false,tiny_cluster
pca_scores__ward__k-5,ward,pca_scores,5,0.6838830001748752,0.36445989554048913,616.332816971725,1.1088490123796788,1.0,0.8836686219519357,0.030405405405405407,0.0,0.7148046349066174,false,bootstrap_instability
pca_scores__ward__k-4,ward,pca_scores,4,0.683518524899429,0.3450192852212123,608.908056543013,1.147544877812462,1.0,0.8875953750023048,0.030405405405405407,0.0,0.7511318896703735,false,bootstrap_instability
selected_features__ward__k-3,ward,selected_features,3,0.6822292951643624,0.3013692089857744,529.9280106246025,1.5003696646592297,1.0,0.8959375530832746,0.17953667953667954,0.0,0.8618276908186076,false,bootstrap_instability
selected_features__kmeans__k-6,kmeans,selected_features,6,0.673969780752835,0.33480726185463533,545.3221677195036,1.1532809471011316,0.9776635984593299,0.9714779508705895,0.013996138996138996,0.0,0.6708615727585568,false,tiny_cluster
selected_features__fuzzy__k-2,fuzzy,selected_features,2,0.6682661311221781,0.24227773916849443,512.2267418297802,1.771309021233398,1.0,0.8887039281487698,0.3735521235521235,0.0,0.9533605124333522,false,bootstrap_instability
pca_scores__gmm__k-2__covariance-diag,gmm,pca_scores,2,0.6633103212719977,0.39592606926495383,464.333104823104,1.9649123969606102,0.9458829839070472,0.9304118690702352,0.2668918918918919,0.0,0.8369692556718646,false,"repeat_instability,bootstrap_instability"
selected_features__kmeans__k-5,kmeans,selected_features,5,0.6631148186882786,0.3203335635868986,542.980675074357,1.0658773933225734,0.9696180267266119,0.9457318454345098,0.013996138996138996,0.0,0.6751064315362864,false,"tiny_cluster,bootstrap_instability"
selected_features__kmeans__k-8,kmeans,selected_features,8,0.6590700054883225,0.24381726245283084,541.9633016310265,1.2329686320705735,0.9990865722150848,0.9876468385009382,0.013996138996138996,0.0,0.7942599570198029,false,tiny_cluster
pca_scores__fuzzy__k-5,fuzzy,pca_scores,5,0.6548535206262581,0.18092790000281253,503.14746270417595,1.6000713765479424,1.0,0.9414439879564643,0.09121621621621621,0.0,0.9500429199672615,false,bootstrap_instability
pca_scores__gmm__k-2__covariance-full,gmm,pca_scores,2,0.6498993786230349,0.37655311569351596,438.1610334736083,1.9346192874184802,0.9770283927696378,0.9374852042078822,0.2384169884169884,0.0,0.7923978612145236,false,bootstrap_instability
selected_features__ward__k-7,ward,selected_features,7,0.6427391130545966,0.3356703502187216,502.6848355839309,1.1278577795162767,1.0,0.9216356848381592,0.015444015444015444,0.0,0.6545102060487723,false,"tiny_cluster,bootstrap_instability"
selected_features__ward__k-6,ward,selected_features,6,0.6367995090251369,0.32575716815511135,483.7299607412806,1.207660886014597,1.0,0.8984533759021917,0.015444015444015444,0.0,0.6785532617741443,false,"tiny_cluster,bootstrap_instability"
selected_features__ward__k-4,ward,selected_features,4,0.6326015914790561,0.287630521953671,486.25682349384715,1.3207266939373494,1.0,0.8938114598546515,0.029922779922779922,0.0,0.7459954576103623,false,bootstrap_instability
selected_features__ward__k-5,ward,selected_features,5,0.6314796840866886,0.3046687862091062,480.7106442584283,1.293520235747279,1.0,0.8949055171935678,0.029922779922779922,0.0,0.7108102232571119,false,bootstrap_instability
pca_scores__ward__k-2,ward,pca_scores,2,0.6174998079108693,0.4096159227783005,563.2239037500569,1.5014129132633176,1.0,0.7693667697307085,0.18243243243243243,0.0,0.6853694854325538,false,bootstrap_instability
selected_features__ward__k-8,ward,selected_features,8,0.5985157265944431,0.23162088446084148,496.7026246395269,1.2807122966586761,1.0,0.8608672702241815,0.015444015444015444,0.0,0.8057964218543969,false,"tiny_cluster,bootstrap_instability"
pca_scores__gmm__k-5__covariance-full,gmm,pca_scores,5,0.5864475359119888,0.3055935294253093,443.5892494975006,1.9320599536447784,0.8601645546580781,0.9209605838471192,0.03185328185328185,0.0,0.8241217441830487,false,"repeat_instability,bootstrap_instability"
pca_scores__ward__k-8,ward,pca_scores,8,0.5858218663426861,0.26604610331521295,690.3214965424349,1.098695900550867,1.0,0.6827512648969611,0.015444015444015444,0.0,0.8082789554629759,false,"tiny_cluster,bootstrap_instability"
selected_features__gmm__k-7__covariance-full,gmm,selected_features,7,0.5837375752906119,0.19639725992368612,387.7282665272804,1.5869954425614792,0.9495807619640602,0.9428802023848334,0.020752895752895753,0.0,0.8347394241677891,false,"repeat_instability,bootstrap_instability"
selected_features__ward__k-2,ward,selected_features,2,0.5830984764397427,0.3775682766871401,466.5201283001595,1.6956090808513735,1.0,0.7887955342711466,0.17953667953667954,0.0,0.6790624235549056,false,bootstrap_instability
pca_scores__fuzzy__k-7,fuzzy,pca_scores,7,0.5810758531780841,0.12024679523936803,387.1616794673853,1.8747250736676213,0.999102718033908,0.9291367392964158,0.06515444015444015,0.0,0.9602465987401505,false,bootstrap_instability
pca_scores__gmm__k-4__covariance-full,gmm,pca_scores,4,0.5719360154934112,0.2865543988598559,396.1825963648235,2.3584257111002955,0.9002665959108953,0.8958541241904668,0.10183397683397684,0.0,0.8979746837649907,false,"repeat_instability,bootstrap_instability"
selected_features__gmm__k-6__covariance-full,gmm,selected_features,6,0.558892564797197,0.18969599820427274,374.09358692581156,1.5976975719847981,0.8742184594625936,0.8979101557484229,0.03185328185328185,0.0,0.8614080767024865,false,"repeat_instability,bootstrap_instability"
pca_scores__gmm__k-4__covariance-diag,gmm,pca_scores,4,0.5571890334861139,0.2646171089827498,325.8397538753572,2.149150681862797,0.9168994841232718,0.9007542883746656,0.05888030888030888,0.0,0.8588596777244848,false,"repeat_instability,bootstrap_instability"
selected_features__gmm__k-7__covariance-diag,gmm,selected_features,7,0.531365098317746,0.18457056098714367,379.19831643079016,1.7940593014357076,0.8549363366167665,0.8885962601064107,0.03474903474903475,0.0,0.8759793250870125,false,"repeat_instability,bootstrap_instability"
selected_features__gmm__k-3__covariance-diag,gmm,selected_features,3,0.5198047458807022,0.2588842154683657,442.084663368625,1.671546494361734,0.8446763622796668,0.6850418273196291,0.16747104247104247,0.0,0.8663206966510119,false,"repeat_instability,bootstrap_instability"
pca_scores__gmm__k-8__covariance-full,gmm,pca_scores,8,0.5195818583953702,0.2769170207292724,514.3702609144888,1.4588316577321967,0.7172913627768859,0.8300050766151733,0.020752895752895753,0.0,0.792303323358108,false,"repeat_instability,bootstrap_instability"
selected_features__gmm__k-8__covariance-diag,gmm,selected_features,8,0.5190475454187827,0.18358288989508398,343.4052447511886,1.8117107862145065,0.9033713143646851,0.8714990119175163,0.028474903474903474,0.0,0.8720671483892053,false,"repeat_instability,bootstrap_instability"
selected_features__gmm__k-5__covariance-diag,gmm,selected_features,5,0.4913607820798659,0.1481710132967348,350.79861366804414,2.093635925280998,0.8454272633606327,0.834428800552113,0.06805019305019305,0.0,0.906243556014045,false,"repeat_instability,bootstrap_instability"
selected_features__gmm__k-8__covariance-full,gmm,selected_features,8,0.48887384478269036,0.19009200353542843,344.8213240935841,1.9166221200868647,0.8735024355653023,0.8368627464192993,0.017374517374517374,0.0,0.8583582131276913,false,"tiny_cluster,repeat_instability,bootstrap_instability"
selected_features__gmm__k-4__covariance-diag,gmm,selected_features,4,0.4801214567657497,0.27236244004978,401.4469761641836,1.9420247196639524,0.6819193930794779,0.7813684420409577,0.08445945945945946,0.0,0.8464439669464666,false,"repeat_instability,bootstrap_instability"
pca_scores__gmm__k-7__covariance-diag,gmm,pca_scores,7,0.47890578345318413,0.17557691503738687,489.51365423604324,1.4229431017232332,0.7214653298465461,0.736750792201736,0.017857142857142856,0.0,0.8909318407848832,false,"tiny_cluster,repeat_instability,bootstrap_instability"
selected_features__fuzzy__k-6,fuzzy,selected_features,6,0.47567938661018605,0.0818234981244743,301.1708510437209,2.9406333980169403,0.9449961635671357,0.9436829561220088,0.05694980694980695,0.0,0.9314565931301214,false,"repeat_instability,bootstrap_instability"
pca_scores__fuzzy__k-8,fuzzy,pca_scores,8,0.4651547421444209,0.12688478533298675,371.3494455618194,1.8982389089293303,0.8491885597227852,0.7540347997948759,0.06322393822393822,0.0,0.963681820079748,false,"repeat_instability,bootstrap_instability"
pca_scores__gmm__k-3__covariance-full,gmm,pca_scores,3,0.45867877102626226,0.351905516163866,367.8544970326784,2.026793285959474,0.659614637837488,0.7470466143133453,0.09362934362934362,0.0,0.7578880932286933,false,"repeat_instability,bootstrap_instability"
selected_features__gmm__k-6__covariance-diag,gmm,selected_features,6,0.45518826250591515,0.1294914265592865,312.09754936463094,1.927505129376427,0.8665290964812445,0.7486115088841924,0.03667953667953668,0.0,0.8976673231699018,false,"repeat_instability,bootstrap_instability"
pca_scores__gmm__k-7__covariance-full,gmm,pca_scores,7,0.45267291442036517,0.22179519476682596,331.29736464685334,1.9916919101608546,0.8068688986901353,0.7576258028524766,0.03812741312741313,0.0,0.8386244753610443,false,"repeat_instability,bootstrap_instability"
pca_scores__gmm__k-6__covariance-diag,gmm,pca_scores,6,0.4479171272915395,0.13910387348953537,347.22135785665466,1.5920310078970197,0.754558796962941,0.7360659730946763,0.017857142857142856,0.0,0.8871105598024698,false,"tiny_cluster,repeat_instability,bootstrap_instability"
pca_scores__gmm__k-5__covariance-diag,gmm,pca_scores,5,0.44026059124708994,0.2868076640843787,359.2489408667192,1.939986589249203,0.7324658994123174,0.6972698424234061,0.024613899613899613,0.0,0.8023268028220965,false,"repeat_instability,bootstrap_instability"
pca_scores__gmm__k-6__covariance-full,gmm,pca_scores,6,0.4386678711450609,0.2276164823285634,361.08816864662646,2.0858648977512426,0.7697773755627215,0.7039452808740038,0.0444015444015444,0.0,0.8615905953836318,false,"repeat_instability,bootstrap_instability"
selected_features__gmm__k-5__covariance-full,gmm,selected_features,5,0.4369625672868044,0.14698806347053922,371.9994878561384,1.9626290548662613,0.7962362819334616,0.6643189607022155,0.08542471042471042,0.0,0.94657404130462,false,"repeat_instability,bootstrap_instability"
selected_features__gmm__k-2__covariance-full,gmm,selected_features,2,0.41668247238837985,0.3493303558123001,320.50982558561145,2.174706159931006,0.8323011585158842,0.6233870369938255,0.18774131274131275,0.0,0.6967224760920021,false,"repeat_instability,bootstrap_instability"
pca_scores__gmm__k-3__covariance-diag,gmm,pca_scores,3,0.3846032017542629,0.38175095374858514,354.0984483624091,1.530006087439429,0.6140835402824933,0.5991424579899964,0.015444015444015444,0.0,0.6107912985259945,false,"tiny_cluster,repeat_instability,bootstrap_instability"
pca_scores__gmm__k-8__covariance-diag,gmm,pca_scores,8,0.3735544594376691,0.18178478559731356,385.60054607994607,1.5945238642383064,0.7575107633939334,0.5475559609371581,0.015444015444015444,0.0,0.864749885981121,false,"tiny_cluster,repeat_instability,bootstrap_instability"
selected_features__fuzzy__k-7,fuzzy,selected_features,7,0.36498573942523493,0.07784137774420671,260.44707384607244,3.359711721596318,0.9013422175555412,0.8785129928969259,0.010617760617760617,0.0,0.8358094862132414,false,"tiny_cluster,repeat_instability,bootstrap_instability"
selected_features__fuzzy__k-8,fuzzy,selected_features,8,0.3628668491128414,-0.04254684934576212,235.4168643424725,2.948277813940714,0.9697428672196485,0.9285428913788057,0.0009652509652509653,0.0,0.8045723226580423,false,"tiny_cluster,bootstrap_instability"
selected_features__gmm__k-4__covariance-full,gmm,selected_features,4,0.3601955125146073,0.268513133265937,409.31514056212086,1.7370271311050998,0.613150730806898,0.5301843922256991,0.033301158301158304,0.0,0.7984401818851197,false,"repeat_instability,bootstrap_instability"
selected_features__gmm__k-3__covariance-full,gmm,selected_features,3,0.33897409636948395,0.30753178851269286,275.7681726233041,2.3938616198556923,0.6075174513188408,0.6488489662073097,0.1085907335907336,0.0,0.6955667650630656,false,"repeat_instability,bootstrap_instability"
